{
    "n_iters": 10000,
    "AUC of ROC": {
        "value": 0.6049927689772306,
        "mean": 0.6048973707861145,
        "median": 0.6047934717961057,
        "std": 0.011537461397966199,
        "2.5% percentile": 0.5824477409089769,
        "97.5% percentile": 0.6280030751681274
    },
    "AUC of PRC": {
        "value": 0.3850462505574117,
        "mean": 0.3848408904752345,
        "median": 0.3846887794638474,
        "std": 0.025217796901730448,
        "2.5% percentile": 0.3343550461139601,
        "97.5% percentile": 0.4351571979591991
    },
    "min(+P, Se)": {
        "value": 0.2540106951871658,
        "mean": 0.25381364715091426,
        "median": 0.2536233101721545,
        "std": 0.022775824137915558,
        "2.5% percentile": 0.21025606469002694,
        "97.5% percentile": 0.2992364860598023
    }
}