{
    "n_iters": 10000,
    "AUC of ROC": {
        "value": 0.5561422586949779,
        "mean": 0.5561742574696075,
        "median": 0.5560357856030511,
        "std": 0.008379127085677902,
        "2.5% percentile": 0.5403466732516954,
        "97.5% percentile": 0.5733671264825605
    },
    "AUC of PRC": {
        "value": 0.4418771441602824,
        "mean": 0.4418048022874237,
        "median": 0.44225475527561287,
        "std": 0.033980048183202854,
        "2.5% percentile": 0.3741583931833649,
        "97.5% percentile": 0.5068806279904228
    },
    "min(+P, Se)": {
        "value": 0.12032085561497326,
        "mean": 0.12521545206798237,
        "median": 0.12266666666666666,
        "std": 0.011797732931520113,
        "2.5% percentile": 0.1084672435105068,
        "97.5% percentile": 0.15449499623284305
    }
}