{
    "n_iters": 10000,
    "AUC of ROC": {
        "value": 0.7292953583186657,
        "mean": 0.7291744500386349,
        "median": 0.7292634027014939,
        "std": 0.012949950620342762,
        "2.5% percentile": 0.7036665199024478,
        "97.5% percentile": 0.7540900797575788
    },
    "AUC of PRC": {
        "value": 0.5021727434616485,
        "mean": 0.5019690421887838,
        "median": 0.502346055064792,
        "std": 0.0184634252662962,
        "2.5% percentile": 0.465347962071997,
        "97.5% percentile": 0.5378330881431476
    },
    "min(+P, Se)": {
        "value": 0.36142625607779577,
        "mean": 0.36109380213420145,
        "median": 0.3610169491525424,
        "std": 0.019346258735261194,
        "2.5% percentile": 0.32339069956340744,
        "97.5% percentile": 0.4
    }
}