{
    "n_iters": 10000,
    "AUC of ROC": {
        "value": 0.6001160326909495,
        "mean": 0.600206587810774,
        "median": 0.5999233539070996,
        "std": 0.011214270506389129,
        "2.5% percentile": 0.5784176540977234,
        "97.5% percentile": 0.6223031921716695
    },
    "AUC of PRC": {
        "value": 0.3889081288166989,
        "mean": 0.38929684186203795,
        "median": 0.38964300460870316,
        "std": 0.026202804082092104,
        "2.5% percentile": 0.3365138095446701,
        "97.5% percentile": 0.43918503781997414
    },
    "min(+P, Se)": {
        "value": 0.23796791443850268,
        "mean": 0.23811358114064723,
        "median": 0.23783783783783785,
        "std": 0.022114526849024718,
        "2.5% percentile": 0.19483801337153772,
        "97.5% percentile": 0.28205128205128205
    }
}