{
    "n_iters": 10000,
    "AUC of ROC": {
        "value": 0.6822824994301131,
        "mean": 0.6821340287151588,
        "median": 0.6821743961697775,
        "std": 0.012979929992344813,
        "2.5% percentile": 0.6564426361687447,
        "97.5% percentile": 0.707281970065345
    },
    "AUC of PRC": {
        "value": 0.4815733618663419,
        "mean": 0.481380766131348,
        "median": 0.48167733822428793,
        "std": 0.022385496466545432,
        "2.5% percentile": 0.43643115577427954,
        "97.5% percentile": 0.5244200909861405
    },
    "min(+P, Se)": {
        "value": 0.42780748663101603,
        "mean": 0.42693621748828936,
        "median": 0.42710997442455245,
        "std": 0.02511670341532535,
        "2.5% percentile": 0.3769230769230769,
        "97.5% percentile": 0.47506561679790027
    }
}