{
    "n_iters": 10000,
    "AUC of ROC": {
        "value": 0.6598822109365949,
        "mean": 0.6600020595815016,
        "median": 0.6599494671608942,
        "std": 0.013147446400309973,
        "2.5% percentile": 0.6342385775428261,
        "97.5% percentile": 0.6858353629266963
    },
    "AUC of PRC": {
        "value": 0.42751016307185863,
        "mean": 0.4275999747757116,
        "median": 0.427641488845123,
        "std": 0.02162784134156534,
        "2.5% percentile": 0.38448076236037965,
        "97.5% percentile": 0.4697483028019576
    },
    "min(+P, Se)": {
        "value": 0.38,
        "mean": 0.37873737994954015,
        "median": 0.3786537216828479,
        "std": 0.02344903031865364,
        "2.5% percentile": 0.33249370277078083,
        "97.5% percentile": 0.42462311557788945
    }
}