{
    "n_iters": 10000,
    "AUC of ROC": {
        "value": 0.590879195207719,
        "mean": 0.590855437850811,
        "median": 0.5908270261635298,
        "std": 0.010888827680076834,
        "2.5% percentile": 0.5695861390411279,
        "97.5% percentile": 0.6126749928603985
    },
    "AUC of PRC": {
        "value": 0.3849364636030209,
        "mean": 0.3850653890952727,
        "median": 0.3855819542050518,
        "std": 0.027183231088282897,
        "2.5% percentile": 0.3309164092162112,
        "97.5% percentile": 0.43716908687352685
    },
    "min(+P, Se)": {
        "value": 0.21390374331550802,
        "mean": 0.21382195466640283,
        "median": 0.21366253265363055,
        "std": 0.021502527345097226,
        "2.5% percentile": 0.17201031206133247,
        "97.5% percentile": 0.2572178477690289
    }
}